,mean_train_accuracy,std_train_accuracy,mean_test_accuracy,std_test_accuracy,mean_train_log loss,std_train_log loss,mean_test_log loss,std_test_log loss,mean_train_error,std_train_error,mean_test_error,std_test_error
LR,0.7111975152628718,0.004448465577501203,0.7425904452690167,0.3627037379118661,0.7278068146913145,0.00461087629264962,0.8976068726216628,1.0249285634965124,0.2888024847371282,0.004448465577501203,0.25740955473098326,0.3627037379118661
Gam,0.8858079264795745,0.0025640792939387227,0.8833294681508967,0.00168622054389676,0.26359751807737,0.008741609312979001,0.7786638999909368,0.508615819057838,0.11419207352042551,0.0025640792939387227,0.11667053184910328,0.00168622054389676
Rufit,0.9891877857230233,0.0027935982776213404,0.8320621714594929,0.2724350102598062,0.08569753744795966,0.005195320135545141,0.6577376468339362,0.9884625311817764,0.010812214276976678,0.0027935982776213404,0.16793782854050712,0.2724350102598062
Rf,1.0,0.0,0.876031037414966,0.23742927690383572,0.06424634614479653,0.0018491841975004735,0.6783475156636882,1.9609899933272046,0.0,0.0,0.12396896258503404,0.23742927690383572
