,mean_train_accuracy,std_train_accuracy,mean_test_accuracy,std_test_accuracy,mean_train_log loss,std_train_log loss,mean_test_log loss,std_test_log loss,mean_train_error,std_train_error,mean_test_error,std_test_error
LR,0.7134943205471087,0.010429179903726644,0.7649231767560567,0.2527235008060969,0.5037085542190368,0.008108602554130205,0.5418191867490586,0.46860580671284485,0.28650567945289124,0.010429179903726644,0.23507682324394333,0.2527235008060969
Rf,1.0,0.0,0.8198653876817731,0.2121837061878656,0.04427678302252128,0.0018629033014376831,0.6086582638332444,1.445836044925624,0.0,0.0,0.18013461231822683,0.2121837061878656
Rufit,0.9895472900898613,0.002970670936632055,0.8003509365439624,0.2068818797259649,0.0585783493690785,0.0037647581300739312,0.6121933774821533,0.6643266511282808,0.010452709910138663,0.002970670936632055,0.19964906345603767,0.2068818797259649
Gam,0.72093735595513,0.0014022118080773262,0.7382593990643195,0.0015108280469094907,0.512855757214556,0.0011598740306803838,0.5351611867853445,0.0014738536057407469,0.27906264404487,0.0014022118080773262,0.2617406009356805,0.0015108280469094907
