,mean_train_accuracy,std_train_accuracy,mean_test_accuracy,std_test_accuracy,mean_train_log loss,std_train_log loss,mean_test_log loss,std_test_log loss
LR,0.383107329,0.022709085,0.400910758,0.400362059,2.907223904,0.018350862,3.477735032,2.683667776
RF,0.999475738,0.000929008,0.665977695,0.392973769,0.241108688,0.005626213,2.59114603,3.969736295
Rufit,0.957412777,0.006143364,0.560884393,0.413362581,0.371221526,0.011933463,2.925190844,2.931685464
GAM,0.64165636,0.479840063,0.538278702,0.411799735,0.886580263,0.649313293,0.629749192,0.321376554