,mean_train_accuracy,std_train_accuracy,mean_test_accuracy,std_test_accuracy,mean_train_log loss,std_train_log loss,mean_test_log loss,std_test_log loss,mean_train_error,std_train_error,mean_test_error,std_test_error
LR,0.7135177841880479,0.009356964567288857,0.7209962694418478,0.3308254002474313,0.5037835130784605,0.007099941458853794,0.6026455581222259,0.6409779614531335,0.286482215811952,0.009356964567288857,0.2790037305581523,0.3308254002474313
RF,1.0,0.0,0.8353638278500863,0.2313427543901753,0.04437628435652954,0.001761718875666003,0.5448085582860116,1.4643131312404212,0.0,0.0,0.16463617214991366,0.2313427543901753
Rufit,0.9893590348561592,0.0028502786027353555,0.8228509937735842,0.2448701071991016,0.05885281428302865,0.0033262514898714014,0.5249084935944093,0.7051839974448897,0.01064096514384083,0.0028502786027353555,0.17714900622641575,0.2448701071991016
GAM,0.8870019403192297,0.29215965021943474,0.8382751712158051,0.2484266116451675,0.22164506587269528,0.24912021490128425,0.1574372980304859,0.13151707748667027,0.11299805968077027,0.29215965021943474,0.16172482878419495,0.2484266116451675
