,mean_train_accuracy,std_train_accuracy,mean_test_accuracy,std_test_accuracy,mean_train_log loss,std_train_log loss,mean_test_log loss,std_test_log loss
LR,0.3831073288892521,0.022709084717391657,0.40091075828828776,0.40036205914163425,2.9072239039996615,0.01835086153465433,3.477735032466788,2.6836677760136283
Rf,0.9994757379154648,0.0009290082997919847,0.6659776949749427,0.3929737693682309,0.24110868842429603,0.005626213214905523,2.591146030372026,3.9697362948455024
Rufit,0.9574127766846395,0.006143363550739591,0.5608843932760782,0.4133625812821902,0.3712215264605145,0.011933462677611313,2.925190844064661,2.9316854636634035
Gam,0.40976659891113104,0.00160689300540415,0.45230936815558204,0.0016410285964658599,2.05142302885822,0.00423315558594723,2.14064474714138,0.00409139001189632
