,mean_train_accuracy,std_train_accuracy,mean_test_accuracy,std_test_accuracy,mean_train_log loss,std_train_log loss,mean_test_log loss,std_test_log loss,mean_train_error,std_train_error,mean_test_error,std_test_error
LR,0.7134943205471087,0.010429179903726644,0.7649231767560567,0.2527235008060969,0.5037085542190368,0.008108602554130205,0.5418191867490586,0.4686058067128449,0.28650567945289124,0.010429179903726644,0.2350768232439433,0.2527235008060969
RF,1.0,0.0,0.8198653876817731,0.2121837061878656,0.044276783022521284,0.0018629033014376831,0.6086582638332444,1.4458360449256242,0.0,0.0,0.18013461231822686,0.2121837061878656
Rufit,0.9895472900898612,0.0029706709366320552,0.8003509365439624,0.2068818797259649,0.0585783493690785,0.0037647581300739312,0.6121933774821533,0.6643266511282808,0.010452709910138663,0.0029706709366320552,0.19964906345603767,0.2068818797259649
GAM,0.8870019403192296,0.2921596502194348,0.8382751712158051,0.2484266116451675,0.22164506587269528,0.24912021490128425,0.15743729803048587,0.13151707748667027,0.11299805968077027,0.2921596502194348,0.16172482878419495,0.2484266116451675
