"","mean_train_accuracy","std_train_accuracy","mean_test_accuracy","std_test_accuracy","mean_train_logloss","std_train_logloss","mean_test_logloss","std_test_logloss"
"joint",0.642334635592079,0.00162269617034738,0.581140350877193,0.000785869297989621,1.04997430037095,0.0346199730690019,1.699950596394,1.35989834693504
"sphere",0.862069162594557,0.00316657234419045,0.844385964912281,0.00202467331452496,0.350696446192218,0.0291284530201929,0.409623526333568,0.0692120615083845
"vesicle",0.882547895770313,0.00243303552754681,0.857368421052632,0.0016248621571443,0.262161991479607,0.0131898735248294,0.316949166981726,0.0389330823608001
"worm",0.816908033589295,0.00227218702954913,0.787719298245614,0.00163758812137238,0.401599823247155,0.00401569067167483,0.445646482439862,0.0103603906734991
"other",0.986696651276336,0.00160350889730815,0.971052631578947,0.00118063080460277,0.0355160394519679,0.00961322322875896,0.527731420638848,1.23017643868505
