,mean_train_accuracy,std_train_accuracy,mean_test_accuracy,std_test_accuracy,mean_train_log loss,std_train_log loss,mean_test_log loss,std_test_log loss,mean_train_error,std_train_error,mean_test_error,std_test_error
LR,0.7133762870346638,0.004851670803764716,0.7124342105263156,0.09512893220104883,0.5040369690866795,0.003004595005305334,0.5072808316173512,0.08628002978606343,0.2866237129653362,0.004851670803764716,0.2875657894736844,0.09512893220104883
RF,1.0,0.0,0.9337280701754384,0.05205118825481325,0.04498192975635786,0.0014787275255305527,0.19892779869892166,0.2214238513937033,0.0,0.0,0.06627192982456158,0.05205118825481325
Rufit,0.9893695055671496,0.0027439787905649228,0.9302412280701754,0.048868209541998386,0.059503279789528685,0.0030646410061724357,0.1877123635142259,0.12247431820122205,0.01063049443285044,0.0027439787905649228,0.06975877192982469,0.048868209541998386
GAM,0.8870554358076251,0.29217927903724145,0.8651315789473685,0.3016773879296043,0.223408886215702,0.249875294459605,0.2231385177019453,0.2418094439286692,0.1129445641923748,0.29217927903724145,0.1348684210526315,0.3016773879296043
