,mean_train_accuracy,std_train_accuracy,mean_test_accuracy,std_test_accuracy,mean_train_log loss,std_train_log loss,mean_test_log loss,std_test_log loss,mean_train_error,std_train_error,mean_test_error,std_test_error
LR,0.3826890532387914,0.011743756590486798,0.3785087719298245,0.14902023980612733,2.9087120624433096,0.011741574900000645,2.9299197745908154,0.34526320105685804,0.6173109467612086,0.011743756590486798,0.6214912280701754,0.14902023980612733
Rf,0.9991845559908387,0.0013562219334701975,0.8090350877192983,0.057175383000967736,0.2468242467881829,0.004042015600846118,1.0059080710235946,0.5190065761638378,0.0008154440091613369,0.0013562219334701975,0.19096491228070167,0.057175383000967736
Rufit,0.9563119108930628,0.0070634738155317236,0.8006140350877193,0.08463674841925749,0.3763705711925649,0.012553026410033488,1.0110952189436013,0.4382600552197991,0.04368808910693722,0.0070634738155317236,0.19938596491228067,0.08463674841925749
Gam,0.642334635592079,0.479694380907089,0.581140350877193,0.49412849654134294,1.0499743003709499,1.19641696510805,1.699950596394,2.9090317602668194,0.35766536440792096,0.479694380907089,0.41885964912280704,0.49412849654134294
