,mean_train_accuracy,std_train_accuracy,mean_test_accuracy,std_test_accuracy,mean_train_log loss,std_train_log loss,mean_test_log loss,std_test_log loss,mean_train_error,std_train_error,mean_test_error,std_test_error
LR,0.3826890532387914,0.011743756590486798,0.3785087719298245,0.14902023980612733,2.9087120624433096,0.01174157490000065,2.9299197745908154,0.34526320105685815,0.6173109467612086,0.011743756590486798,0.6214912280701754,0.14902023980612733
Gam,0.642044791169134,0.0928377665237214,0.585,0.0928377665237214,1.0499206874403,0.00980205083493226,1.75979408145217,1.2219048077063501,0.35795520883086596,0.0928377665237214,0.41500000000000004,0.0928377665237214
Rufit,0.9549159537379432,0.005991347445575149,0.7854385964912283,0.09053953954542295,0.3742193184101146,0.011522127899716458,1.039241928965916,0.43189264024976115,0.045084046262056754,0.005991347445575149,0.21456140350877173,0.09053953954542295
Rf,0.9991845559908387,0.0013562219334701975,0.8007894736842105,0.06666799995482754,0.24595241249646838,0.0046439392841190206,1.1631308655230028,0.8067722813932365,0.0008154440091613369,0.0013562219334701975,0.1992105263157895,0.06666799995482754
