,mean_train_accuracy,std_train_accuracy,mean_test_accuracy,std_test_accuracy,mean_train_log loss,std_train_log loss,mean_test_log loss,std_test_log loss,mean_train_error,std_train_error,mean_test_error,std_test_error
LR,0.7132314892786097,0.0047473738138606066,0.7120614035087719,0.09221171347756282,0.7271742994609113,0.004367665961941649,0.7324122127727107,0.12853638793553449,0.2867685107213903,0.0047473738138606066,0.2879385964912281,0.09221171347756282
Gam,0.8870554358076251,0.002368825949648635,0.8651315789473685,0.0016169385994111026,0.26249357509273696,0.013986810111364023,0.424987649098501,0.33717049330693344,0.11294456419237481,0.002368825949648635,0.1348684210526315,0.0016169385994111026
Rufit,0.9895007007245228,0.002760179569589037,0.9235526315789473,0.058483013818010965,0.08518450383663323,0.004568215488462683,0.2790322618012711,0.20782225975442903,0.01049929927547727,0.002760179569589037,0.07644736842105271,0.058483013818010965
Rf,0.9998980949242728,0.00018787654024944093,0.9328508771929824,0.054240473396346585,0.06498182585225526,0.0019801377652776293,0.2869252972630345,0.3361657876190196,0.00010190507572713225,0.00018787654024944093,0.06714912280701762,0.054240473396346585
