,mean_train_hamming loss,std_train_hamming loss,mean_test_hamming loss,std_test_hamming loss,mean_train_error,std_train_error,mean_test_error,std_test_error,mean_train_log loss,std_train_log loss,mean_test_log loss,std_test_log loss
Lr_pcc,0.20473263887059498,0.011154776648420146,0.18243177952999381,0.13457558105106793,0.5673645034090131,0.04141866633076383,0.6161429344465059,0.4359629862931107,2.277662583101958,0.09930420199691657,2.644403651235104,1.7419685093138961
GAM_pcc,0.019174070723307412,0.0025902301916286533,0.15471552257266546,0.18346890456431836,0.0657177596870876,0.00919356561239583,0.37742540197897334,0.41553659019833517,0.41424036787678425,0.0351481652047393,2.5384667162189296,3.4941450103011134
RuFit_pcc,0.005574189590851331,0.0029108439221029164,0.13576646567717995,0.1899402774405393,0.018275526479654972,0.010116708638593638,0.3113017934446506,0.41069560789364157,0.168864116892031,0.06388379326673418,2.9228245596480966,4.432922967280307
RF_pcc,0.0003045787829279819,0.000476743291026668,0.10807146722325293,0.1781740960023779,0.0006091575658559564,0.000953486582053326,0.24609036796536796,0.3824924101246721,0.23881099765148742,0.0034900676711619337,1.5648115408555878,1.846938935178166
