,mean_train_hamming loss,std_train_hamming loss,mean_test_hamming loss,std_test_hamming loss,mean_train_error,std_train_error,mean_test_error,std_test_error,mean_train_log loss,std_train_log loss,mean_test_log loss,std_test_log loss
Lr_pcc,0.20308824934345487,0.011307908558583223,0.20841263621436035,0.1671728786995466,0.5628372057773874,0.03983099852067894,0.6240054485744141,0.4378293240319184,2.2740702280816647,0.09886045120662773,2.761258034528624,2.0314988337149047
GAM_pcc,0.04006621068683929,0.003469712461277785,0.14670239961188236,0.17382332259390673,0.13351920127768926,0.01085597212558533,0.3767017465293327,0.4209578072938453,0.6711788202855725,0.05121335418169892,2.5451298205485355,3.358487697273966
RuFit_pcc,0.011257405083764539,0.0025406747015535645,0.14138350873264668,0.18479872566410857,0.03785143068885057,0.007830943418710202,0.3377556351694283,0.41948515819647053,0.2736533096066343,0.030820173570257715,2.3518259682743246,3.136170004799095
RF_pcc,0.00029407606627529287,0.000471556760706557,0.1188432975070906,0.18432894501718464,0.0005881521325505786,0.0009431135214131038,0.26425026123301987,0.388122529536945,0.2387039031911777,0.0034753646409672657,1.640178000034381,1.85851511764893
