,mean_train_hamming loss,std_train_hamming loss,mean_test_hamming loss,std_test_hamming loss,mean_train_error,std_train_error,mean_test_error,std_test_error,mean_train_log loss,std_train_log loss,mean_test_log loss,std_test_log loss
LR,0.20473263887059498,0.011154776648420146,0.18243177952999381,0.13457558105106793,0.5673645034090131,0.04141866633076383,0.6161429344465059,0.4359629862931107,2.277662583101958,0.09930420199691657,2.644403651235104,1.7419685093138961
GAM,0.04013436482791061,0.0035135589132252237,0.1397664463512678,0.1728780432788605,0.13371380934337113,0.011003547164080857,0.3641813543599257,0.42314799161909866,0.6718610849518142,0.052018743140007796,2.5061408810167576,3.4134264179105287
RuleFit,0.013480322891804722,0.0014500528918343354,0.1087246830550402,0.14392050406606835,0.045264466568165414,0.004240767106165526,0.3129502937538651,0.39167562303665737,0.3193968116255329,0.0072120419667809224,1.9397846753787356,2.7004293118908245
RF,0.0003045787829279819,0.000476743291026668,0.10807146722325293,0.1781740960023779,0.0006091575658559564,0.000953486582053326,0.24609036796536796,0.3824924101246721,0.23881099765148742,0.0034900676711619337,1.5648115408555878,1.846938935178166

