,mean_train_hamming loss,std_train_hamming loss,mean_test_hamming loss,std_test_hamming loss,mean_train_error,std_train_error,mean_test_error,std_test_error,mean_train_log loss,std_train_log loss,mean_test_log loss,std_test_log loss
Lr_pcc,1.4568764568764569e-05,7.979640989294383e-05,0.06546052631578948,0.026606128623541035,5.8275058275059075e-05,0.00031918563957177964,0.1992982456140351,0.0670244641258119,0.24323657454354436,0.003149565607086575,1.069052546821571,0.6856689339883236
RuFit_pcc,,,,,,,,,,,,
RF_pcc,,,,,,,,,,,,
