rule,type,coef,support,importance
sphere<= 0.5 & mon_corona_mv<= 0.7838499844074249 & ratio_vol> 0.12177855148911476 & conc> 17.5,rule,2.324563263246346,0.0205761316872428,0.32999592514005005
sphere<= 0.5 & conc> 18.75 & salt<= 0.20000000670552254 & corona_MAA<= 0.5 & clogp_corona> 0.125,rule,0.04674404903026357,0.0205761316872428,0.00663580378663972
sphere<= 0.5 & mon_corona_apol<= 28.209290504455566 & worm> 0.5 & dp_core> 54.0 & corona_mw_total<= 6681.97998046875,rule,0.6646155503449822,0.037037037037037035,0.12551435778689896
sphere<= 0.5 & clogp_corona> 0.125 & conc> 18.75,rule,0.15419978402826817,0.012345679012345678,0.017027219713728097
sphere<= 0.5,rule,1.4415681084916492,0.45267489711934156,0.7175481604614012
clogp_corona> 0.125 & conc> 18.75 & core_mv_total<= 262.94000244140625,rule,1.4635723103532146,0.0205761316872428,0.2077693071213207
